{
    "Degree": 2,
    "Alpha": 5.0,
    "Test_R2": 0.43585413283569263,
    "Test_RMSE": 4.929121852353595
}