{
    "Test_R2": 0.6773709862833481,
    "Test_RMSE": 3.7275678663597325
}