{
    "Best Params": {
        "degree": 2,
        "alpha": 10.0
    },
    "R2": 0.960717210165594,
    "MAE": 391.28171197317295,
    "MSE": 595752.5340552332,
    "RMSE": 771.8500722648364
}