{
    "Best Params": {
        "colsample_bytree": 1.0,
        "learning_rate": 0.1,
        "max_depth": 5,
        "n_estimators": 500,
        "subsample": 0.8
    },
    "R2": 0.9674889147642292,
    "MAE": 336.22286612861325,
    "MSE": 493054.6301762947,
    "RMSE": 702.1784888305071,
    "CV_R2": 0.9609107751045043
}